<?xml version="1.0" encoding="utf-8" ?>
<dwsync>
<file name="_customer_orders.php" server="ftp.2-all.com/www/2-all.com/2-all/webapps/" local="129841589554408500" remote="129863142600000000" />
<file name="_customer_site_options.php" server="ftp.2-all.com/www/2-all.com/2-all/webapps/" local="129841589554428500" remote="129863142600000000" />
<file name="_customers.php" server="ftp.2-all.com/www/2-all.com/2-all/webapps/" local="129841589554388500" remote="129863142600000000" />
<file name="_customers_paid.php" server="ftp.2-all.com/www/2-all.com/2-all/webapps/" local="129841589554398500" remote="129863142600000000" />
<file name="_engines_all.php" server="ftp.2-all.com/www/2-all.com/2-all/webapps/" local="129841589554438500" remote="129863142600000000" />
<file name="_engines_ru.php" server="ftp.2-all.com/www/2-all.com/2-all/webapps/" local="129841589554448500" remote="129863142600000000" />
<file name="_files_names.php" server="ftp.2-all.com/www/2-all.com/2-all/webapps/" local="129841589554458500" remote="129863142600000000" />
<file name="_options_beyond_sides.php" server="ftp.2-all.com/www/2-all.com/2-all/webapps/" local="129841589554468500" remote="129863142600000000" />
<file name="_precustomers.php" server="ftp.2-all.com/www/2-all.com/2-all/webapps/" local="129841589554478500" remote="129863142600000000" />
<file name="_site_options.php" server="ftp.2-all.com/www/2-all.com/2-all/webapps/" local="129841589554488500" remote="129863142600000000" />
<file name="_site_options_partial.php" server="ftp.2-all.com/www/2-all.com/2-all/webapps/" local="129841589554498500" remote="129863142600000000" />
<file name="_site_options_types.php" server="ftp.2-all.com/www/2-all.com/2-all/webapps/" local="129841589554508500" remote="129863142600000000" />
<file name="_site_types.php" server="ftp.2-all.com/www/2-all.com/2-all/webapps/" local="129841589554528500" remote="129863142600000000" />
<file name="_virtual_orderss.php" server="ftp.2-all.com/www/2-all.com/2-all/webapps/" local="129841589554538500" remote="129863142600000000" />
<file name="customer_orders.php" server="ftp.2-all.com/www/2-all.com/2-all/webapps/" local="129841589554228500" remote="129863142600000000" />
<file name="customer_site_options.php" server="ftp.2-all.com/www/2-all.com/2-all/webapps/" local="129841589554238500" remote="129863142600000000" />
<file name="customers.php" server="ftp.2-all.com/www/2-all.com/2-all/webapps/" local="129841589554218500" remote="129863142600000000" />
<file name="engines_all.php" server="ftp.2-all.com/www/2-all.com/2-all/webapps/" local="129841589554258500" remote="129863142600000000" />
<file name="engines_ru.php" server="ftp.2-all.com/www/2-all.com/2-all/webapps/" local="129841589554268500" remote="129863142600000000" />
<file name="files_names.php" server="ftp.2-all.com/www/2-all.com/2-all/webapps/" local="129841589554278500" remote="129863142600000000" />
<file name="index.html" server="ftp.2-all.com/www/2-all.com/2-all/webapps/" local="129841589554288500" remote="129863142600000000" />
<file name="options_beyond_sides.php" server="ftp.2-all.com/www/2-all.com/2-all/webapps/" local="129841589554308500" remote="129863142600000000" />
<file name="precustomers.php" server="ftp.2-all.com/www/2-all.com/2-all/webapps/" local="129841589554318500" remote="129863142600000000" />
<file name="site_options.php" server="ftp.2-all.com/www/2-all.com/2-all/webapps/" local="129841589554338500" remote="129863142600000000" />
<file name="site_options_partial.php" server="ftp.2-all.com/www/2-all.com/2-all/webapps/" local="129841589554348500" remote="129863142600000000" />
<file name="site_options_types.php" server="ftp.2-all.com/www/2-all.com/2-all/webapps/" local="129841589554358500" remote="129863142600000000" />
<file name="site_types.php" server="ftp.2-all.com/www/2-all.com/2-all/webapps/" local="129841589554368500" remote="129863142600000000" />
<file name="virtual_orders.php" server="ftp.2-all.com/www/2-all.com/2-all/webapps/" local="129841589554378500" remote="129863142600000000" />
</dwsync>