<?xml version="1.0" encoding="utf-8" ?>
<dwsync>
<file name="customer_orders.php" server="ftp.2-all.com/www/2-all.com/2-all/webapps/" local="129841589555578500" remote="129863142600000000" />
<file name="customer_site_options.php" server="ftp.2-all.com/www/2-all.com/2-all/webapps/" local="129841589555588500" remote="129863142600000000" />
<file name="customers.php" server="ftp.2-all.com/www/2-all.com/2-all/webapps/" local="129841589555568500" remote="129863142600000000" />
<file name="engines_all.php" server="ftp.2-all.com/www/2-all.com/2-all/webapps/" local="129841589555598500" remote="129863142600000000" />
<file name="engines_ru.php" server="ftp.2-all.com/www/2-all.com/2-all/webapps/" local="129841589555608500" remote="129863142600000000" />
<file name="files_names.php" server="ftp.2-all.com/www/2-all.com/2-all/webapps/" local="129841589555618500" remote="129863142600000000" />
<file name="index.html" server="ftp.2-all.com/www/2-all.com/2-all/webapps/" local="129841589555628500" remote="129863142600000000" />
<file name="options_beyond_sides.php" server="ftp.2-all.com/www/2-all.com/2-all/webapps/" local="129841589555638500" remote="129863142600000000" />
<file name="precustomers.php" server="ftp.2-all.com/www/2-all.com/2-all/webapps/" local="129841589555648500" remote="129863142600000000" />
<file name="site_options.php" server="ftp.2-all.com/www/2-all.com/2-all/webapps/" local="129841589555658500" remote="129863142600000000" />
<file name="site_options_partial.php" server="ftp.2-all.com/www/2-all.com/2-all/webapps/" local="129841589555668500" remote="129863142600000000" />
<file name="site_options_types.php" server="ftp.2-all.com/www/2-all.com/2-all/webapps/" local="129841589555678500" remote="129863142600000000" />
<file name="site_types.php" server="ftp.2-all.com/www/2-all.com/2-all/webapps/" local="129841589555688500" remote="129863142600000000" />
<file name="virtual_orders.php" server="ftp.2-all.com/www/2-all.com/2-all/webapps/" local="129841589555688500" remote="129863142600000000" />
</dwsync>