<?xml version="1.0" encoding="utf-8"?>
<extension
	type="module"
	version="2.5"
	client="site"
	method="upgrade">
	<name>Объекты предзаказчика</name>
	<author>srgg6701</author>
	<creationDate>July 2012</creationDate>
	<copyright>Copyright (C) srgg6701</copyright>
	<license>proprietary</license>
	<authorEmail>srgg67@gmail.com</authorEmail>
	<authorUrl>http://www.facebook.com/srgg67</authorUrl>
	<version>2.5.0</version>
	<description>MOD_PRECUSTOMER_STUFF_XML_DESCRIPTION</description>
	<files>
		<filename module="mod_precustomer_stuff">mod_precustomer_stuff.php</filename>
		<folder>tmpl</folder>
			<filename>index.html</filename>		
			<filename>mod_precustomer_stuff.xml</filename>
	</files>
	<help key="JHELP_EXTENSIONS_MODULE_MANAGER_PRECUSTOMER_STUFF" />
	<config>
		<fields name="params">
			<fieldset name="advanced">
				<field
					name="moduleclass_sfx"
					type="text"
					label="COM_MODULES_FIELD_MODULECLASS_SFX_LABEL"
					description="COM_MODULES_FIELD_MODULECLASS_SFX_DESC" />
				<field
					name="cache"
					type="list"
					default="1"
					label="COM_MODULES_FIELD_CACHING_LABEL"
					description="COM_MODULES_FIELD_CACHING_DESC">
					<option
						value="1">JGLOBAL_USE_GLOBAL</option>
					<option
						value="0">COM_MODULES_FIELD_VALUE_NOCACHING</option>
				</field>
				<field
					name="cache_time"
					type="text"
					default="900"
					label="COM_MODULES_FIELD_CACHE_TIME_LABEL"
					description="COM_MODULES_FIELD_CACHE_TIME_DESC" />
				<field
					name="cachemode"
					type="hidden"
					default="static">
					<option
						value="static"></option>
				</field>
			</fieldset>
		</fields>
	</config>
</extension>