<?xml version="1.0" encoding="utf-8" ?>
<dwsync>
<file name="index.html" server="ftp.2-all.com/www/2-all.com/2-all/webapps/" local="129841589554608500" remote="129863142600000000" />
<file name="l__customer_orders.png" server="ftp.2-all.com/www/2-all.com/2-all/webapps/" local="129841589554668500" remote="129863142600000000" />
<file name="l__customer_site_options.png" server="ftp.2-all.com/www/2-all.com/2-all/webapps/" local="129841589554678500" remote="129863142600000000" />
<file name="l__customers.png" server="ftp.2-all.com/www/2-all.com/2-all/webapps/" local="129841589554638500" remote="129863142600000000" />
<file name="l__customers_paid.png" server="ftp.2-all.com/www/2-all.com/2-all/webapps/" local="129841589554658500" remote="129863142600000000" />
<file name="l__engines_all.png" server="ftp.2-all.com/www/2-all.com/2-all/webapps/" local="129841589554698500" remote="129863142600000000" />
<file name="l__engines_ru.png" server="ftp.2-all.com/www/2-all.com/2-all/webapps/" local="129841589554708500" remote="129863142600000000" />
<file name="l__files_names.png" server="ftp.2-all.com/www/2-all.com/2-all/webapps/" local="129841589554718500" remote="129863142600000000" />
<file name="l__options_beyond_sides.png" server="ftp.2-all.com/www/2-all.com/2-all/webapps/" local="129841589554728500" remote="129863142600000000" />
<file name="l__precustomers.png" server="ftp.2-all.com/www/2-all.com/2-all/webapps/" local="129841589554748500" remote="129863142600000000" />
<file name="l__site_options.png" server="ftp.2-all.com/www/2-all.com/2-all/webapps/" local="129841589554758500" remote="129863142600000000" />
<file name="l__site_options_partial.png" server="ftp.2-all.com/www/2-all.com/2-all/webapps/" local="129841589554768500" remote="129863142600000000" />
<file name="l__site_options_types.png" server="ftp.2-all.com/www/2-all.com/2-all/webapps/" local="129841589554778500" remote="129863142600000000" />
<file name="l__site_types.png" server="ftp.2-all.com/www/2-all.com/2-all/webapps/" local="129841589554788500" remote="129863142600000000" />
<file name="l__virtual_orderss.png" server="ftp.2-all.com/www/2-all.com/2-all/webapps/" local="129841589554798500" remote="129863142600000000" />
<file name="l_com_collector1.png" server="ftp.2-all.com/www/2-all.com/2-all/webapps/" local="129841589554628500" remote="129863142600000000" />
<file name="s__customer_orders.png" server="ftp.2-all.com/www/2-all.com/2-all/webapps/" local="129841589554848500" remote="129863142600000000" />
<file name="s__customer_site_options.png" server="ftp.2-all.com/www/2-all.com/2-all/webapps/" local="129841589554858500" remote="129863142600000000" />
<file name="s__customers.png" server="ftp.2-all.com/www/2-all.com/2-all/webapps/" local="129841589554828500" remote="129863142600000000" />
<file name="s__customers_paid.png" server="ftp.2-all.com/www/2-all.com/2-all/webapps/" local="129841589554838500" remote="129863142600000000" />
<file name="s__engines_all.png" server="ftp.2-all.com/www/2-all.com/2-all/webapps/" local="129841589554868500" remote="129863142600000000" />
<file name="s__engines_ru.png" server="ftp.2-all.com/www/2-all.com/2-all/webapps/" local="129841589554878500" remote="129863142600000000" />
<file name="s__files_names.png" server="ftp.2-all.com/www/2-all.com/2-all/webapps/" local="129841589554888500" remote="129863142600000000" />
<file name="s__options_beyond_sides.png" server="ftp.2-all.com/www/2-all.com/2-all/webapps/" local="129841589554898500" remote="129863142600000000" />
<file name="s__precustomers.png" server="ftp.2-all.com/www/2-all.com/2-all/webapps/" local="129841589554908500" remote="129863142600000000" />
<file name="s__site_options.png" server="ftp.2-all.com/www/2-all.com/2-all/webapps/" local="129841589554918500" remote="129863142600000000" />
<file name="s__site_options_partial.png" server="ftp.2-all.com/www/2-all.com/2-all/webapps/" local="129841589554928500" remote="129863142600000000" />
<file name="s__site_options_types.png" server="ftp.2-all.com/www/2-all.com/2-all/webapps/" local="129841589554948500" remote="129863142600000000" />
<file name="s__site_types.png" server="ftp.2-all.com/www/2-all.com/2-all/webapps/" local="129841589554958500" remote="129863142600000000" />
<file name="s__virtual_orderss.png" server="ftp.2-all.com/www/2-all.com/2-all/webapps/" local="129841589554968500" remote="129863142600000000" />
<file name="s_com_collector1.png" server="ftp.2-all.com/www/2-all.com/2-all/webapps/" local="129841589554808500" remote="129863142600000000" />
</dwsync>