<?xml version="1.0" encoding="utf-8"?>
<extension type="component" version="1.6.0" method="upgrade">
	<name>collector1_precustomers</name>
	<creationDate>2012-05-20</creationDate>
	<copyright>Copyright (C) 2012. All rights reserved.</copyright>
	<license>GNU General Public License version 2 or later; see LICENSE.txt</license>
    <author>srgg</author>
	<authorEmail>srgg67@gmail.com</authorEmail>
	<authorUrl></authorUrl>
	<version>1.0.0</version>
	<description></description>

	<install> <!-- Runs on install -->
    	<sql>
        	<file driver="mysql" charset="utf8">sql/install.mysql.utf8.sql</file>
  		</sql>
    </install>
    <uninstall> <!-- Runs on uninstall -->
    	<sql>
        	<file driver="mysql" charset="utf8">sql/uninstall.mysql.utf8.sql</file>
  		</sql>
   </uninstall>

	<files folder="site">
		<filename>index.html</filename>
		<filename>collector1_precustomers.php</filename>
		<filename>controller.php</filename>
		<filename>router.php</filename>
		<folder>views</folder>
		<folder>models</folder>
		<folder>controllers</folder>
		<folder>helpers</folder>
	</files>
	<languages folder="site">
		<language tag="en-GB">language/en-GB.com_collector1_precustomers.ini
		</language>
	</languages>
	<administration>
		<menu>COM_COLLECTOR1_PRECUSTOMERS</menu>
		<submenu>
			<menu link="option=com_collector1_precustomers&amp;view=_precustomers" view="_precustomers" img="class:_precustomers" alt="Collector1_precustomers/_precustomers">COM_COLLECTOR1_PRECUSTOMERS__PRECUSTOMERS</menu>

        </submenu>
		<files folder="administrator">
			<filename>access.xml</filename>
			<filename>config.xml</filename>
			<filename>controller.php</filename>
			<filename>index.html</filename>
			<filename>collector1_precustomers.php</filename>
			<folder>controllers</folder>
			<folder>helpers</folder>
			<folder>models</folder>
			<folder>sql</folder>
			<folder>tables</folder>
			<folder>views</folder>
		</files>
		<languages folder="administrator">
			<language tag="en-GB">language/en-GB.com_collector1_precustomers.ini
			</language>
			<language tag="en-GB">language/en-GB.com_collector1_precustomers.sys.ini
			</language>
		</languages>
	</administration>
</extension>

