<?xml version="1.0" encoding="utf-8" ?>
<dwsync>
<file name="_customer_orders.php" server="ftp.2-all.com/www/2-all.com/2-all/webapps/" local="129841589555398500" remote="129863142600000000" />
<file name="_customer_site_options.php" server="ftp.2-all.com/www/2-all.com/2-all/webapps/" local="129841589555408500" remote="129863142600000000" />
<file name="_customers.php" server="ftp.2-all.com/www/2-all.com/2-all/webapps/" local="129841589555378500" remote="129863142600000000" />
<file name="_customers_paid.php" server="ftp.2-all.com/www/2-all.com/2-all/webapps/" local="129841589555388500" remote="129863142600000000" />
<file name="_engines_all.php" server="ftp.2-all.com/www/2-all.com/2-all/webapps/" local="129841589555418500" remote="129863142600000000" />
<file name="_engines_ru.php" server="ftp.2-all.com/www/2-all.com/2-all/webapps/" local="129841589555428500" remote="129863142600000000" />
<file name="_files_names.php" server="ftp.2-all.com/www/2-all.com/2-all/webapps/" local="129841589555438500" remote="129863142600000000" />
<file name="_options_beyond_sides.php" server="ftp.2-all.com/www/2-all.com/2-all/webapps/" local="129841589555448500" remote="129863142600000000" />
<file name="_precustomers.php" server="ftp.2-all.com/www/2-all.com/2-all/webapps/" local="129846007117298000" remote="129863142600000000" />
<file name="_site_options.php" server="ftp.2-all.com/www/2-all.com/2-all/webapps/" local="129841589555468500" remote="129863142600000000" />
<file name="_site_options_partial.php" server="ftp.2-all.com/www/2-all.com/2-all/webapps/" local="129841589555478500" remote="129863142600000000" />
<file name="_site_options_types.php" server="ftp.2-all.com/www/2-all.com/2-all/webapps/" local="129841589555488500" remote="129863142600000000" />
<file name="_site_types.php" server="ftp.2-all.com/www/2-all.com/2-all/webapps/" local="129841589555498500" remote="129863142600000000" />
<file name="_virtual_orderss.php" server="ftp.2-all.com/www/2-all.com/2-all/webapps/" local="129841589555508500" remote="129863142600000000" />
<file name="customer_orders.php" server="ftp.2-all.com/www/2-all.com/2-all/webapps/" local="129841589555028500" remote="129863142600000000" />
<file name="customer_site_options.php" server="ftp.2-all.com/www/2-all.com/2-all/webapps/" local="129841589555048500" remote="129863142600000000" />
<file name="customers.php" server="ftp.2-all.com/www/2-all.com/2-all/webapps/" local="129841589555018500" remote="129863142600000000" />
<file name="engines_all.php" server="ftp.2-all.com/www/2-all.com/2-all/webapps/" local="129841589555058500" remote="129863142600000000" />
<file name="engines_ru.php" server="ftp.2-all.com/www/2-all.com/2-all/webapps/" local="129841589555068500" remote="129863142600000000" />
<file name="files_names.php" server="ftp.2-all.com/www/2-all.com/2-all/webapps/" local="129841589555118500" remote="129863142600000000" />
<file name="index.html" server="ftp.2-all.com/www/2-all.com/2-all/webapps/" local="129841589555288500" remote="129863142600000000" />
<file name="options_beyond_sides.php" server="ftp.2-all.com/www/2-all.com/2-all/webapps/" local="129841589555298500" remote="129863142600000000" />
<file name="precustomers.php" server="ftp.2-all.com/www/2-all.com/2-all/webapps/" local="129841589555308500" remote="129863142600000000" />
<file name="site_options.php" server="ftp.2-all.com/www/2-all.com/2-all/webapps/" local="129841589555318500" remote="129863142600000000" />
<file name="site_options_partial.php" server="ftp.2-all.com/www/2-all.com/2-all/webapps/" local="129841589555328500" remote="129863142600000000" />
<file name="site_options_types.php" server="ftp.2-all.com/www/2-all.com/2-all/webapps/" local="129841589555338500" remote="129863142600000000" />
<file name="site_types.php" server="ftp.2-all.com/www/2-all.com/2-all/webapps/" local="129841589555358500" remote="129863142600000000" />
<file name="virtual_orders.php" server="ftp.2-all.com/www/2-all.com/2-all/webapps/" local="129841589555368500" remote="129863142600000000" />
</dwsync>