<?xml version="1.0" encoding="utf-8"?>

<extension type="component" version="1" method="upgrade">
	<name>Debug</name>
	<!-- The following elements are optional and free of formatting conttraints -->
	<creationDate>July 2012</creationDate>
	<author>srgg</author>
	<authorEmail>srgg67@gmail.com</authorEmail>
	<authorUrl></authorUrl>
	<copyright>Copyright Info</copyright>
	<license>License Info</license>
	
	<version>1</version>
	
	<description>Component for debugging</description>

	<files folder="site">
		<filename>index.html</filename>
		<filename>controller.php</filename>
		<filename>debug.php</filename>
		<folder>controllers</folder>
		<folder>models</folder>
		<folder>views</folder>
	</files>
	<administration>
		<!-- Administration Menu Section -->
		<menu>Debug</menu>
		<!-- Administration Main File Copy Section -->
		<!-- Note the folder attribute: This attribute describes the folder
			to copy FROM in the package to install therefore files copied
			in this section are copied from /admin/ in the package -->
		<files folder="admin">
			<!-- Admin Main File Copy Section -->
			<filename>index.html</filename>
			<filename>debug.php</filename>
		</files>
	</administration>
</extension>
