<?xml version="1.0" encoding="utf-8"?>
<extension type="component" version="1.6.0" method="upgrade">
	<name>collector1</name>
	<creationDate>2012-05-07</creationDate>
	<copyright>Copyright (C) 2012. All rights reserved.</copyright>
	<license>GNU General Public License version 2 or later; see LICENSE.txt</license>
    <author>srgg</author>
	<authorEmail>srgg67@gmail.com</authorEmail>
	<authorUrl>http://www.facebook.com/srgg67</authorUrl>
	<version>1.3.0</version>
	<description>Конструктор опций для сайта</description>

	<install> <!-- Runs on install -->
    	<sql>
        	<file driver="mysql" charset="utf8">sql/install.mysql.utf8.sql</file>
  		</sql>
    </install>
    <uninstall> <!-- Runs on uninstall -->
    	<sql>
        	<file driver="mysql" charset="utf8">sql/uninstall.mysql.utf8.sql</file>
  		</sql>
   </uninstall>

	<files folder="site">
		<filename>index.html</filename>
		<filename>collector1.php</filename>
		<filename>controller.php</filename>
		<filename>router.php</filename>
		<folder>views</folder>
		<folder>models</folder>
		<folder>controllers</folder>
		<folder>helpers</folder>
	</files>
	<languages folder="site">
		<language tag="en-GB">language/en-GB.com_collector1.ini
		</language>
	</languages>
	<administration>
		<menu>COM_COLLECTOR1</menu>
		<submenu>
			<menu link="option=com_collector1&amp;view=l_customers" view="l_customers" img="class:l_customers" alt="Collector1/L_customers">COM_COLLECTOR1_L_CUSTOMERS</menu>
			<menu link="option=com_collector1&amp;view=l_customers_paid" view="l_customers_paid" img="class:l_customers_paid" alt="Collector1/L_customers_paid">COM_COLLECTOR1_L_CUSTOMERS_PAID</menu>
			<menu link="option=com_collector1&amp;view=l_customer_site_options" view="l_customer_site_options" img="class:l_customer_site_options" alt="Collector1/L_customer_site_options">COM_COLLECTOR1_L_CUSTOMER_SITE_OPTIONS</menu>
			<menu link="option=com_collector1&amp;view=l_engines_all" view="l_engines_all" img="class:l_engines_all" alt="Collector1/L_engines_all">COM_COLLECTOR1_L_ENGINES_ALL</menu>
			<menu link="option=com_collector1&amp;view=l_engines_ru" view="l_engines_ru" img="class:l_engines_ru" alt="Collector1/L_engines_ru">COM_COLLECTOR1_L_ENGINES_RU</menu>
			<menu link="option=com_collector1&amp;view=l_site_options" view="l_site_options" img="class:l_site_options" alt="Collector1/L_site_options">COM_COLLECTOR1_L_SITE_OPTIONS</menu>
			<menu link="option=com_collector1&amp;view=l_site_options_types" view="l_site_options_types" img="class:l_site_options_types" alt="Collector1/L_site_options_types">COM_COLLECTOR1_L_SITE_OPTIONS_TYPES</menu>
			<menu link="option=com_collector1&amp;view=l_site_types" view="l_site_types" img="class:l_site_types" alt="Collector1/L_site_types">COM_COLLECTOR1_L_SITE_TYPES</menu>
			<menu link="option=com_collector1&amp;view=l_options_beyond_sides" view="l_options_beyond_sides" img="class:l_options_beyond_sides" alt="Collector1/L_options_beyond_sides">COM_COLLECTOR1_L_OPTIONS_BEYOND_SIDES</menu>
			<menu link="option=com_collector1&amp;view=l_site_options_partial" view="l_site_options_partial" img="class:l_site_options_partial" alt="Collector1/L_site_options_partial">COM_COLLECTOR1_L_SITE_OPTIONS_PARTIAL</menu>

        </submenu>
		<files folder="administrator">
			<filename>access.xml</filename>
			<filename>config.xml</filename>
			<filename>controller.php</filename>
			<filename>index.html</filename>
			<filename>collector1.php</filename>
			<folder>controllers</folder>
			<folder>helpers</folder>
			<folder>models</folder>
			<folder>sql</folder>
			<folder>tables</folder>
			<folder>views</folder>
		</files>
		<languages folder="administrator">
			<language tag="en-GB">language/en-GB.com_collector1.ini
			</language>
			<language tag="en-GB">language/en-GB.com_collector1.sys.ini
			</language>
		</languages>
	</administration>
</extension>

