<?xml version="1.0" encoding="utf-8"?>
<extension type="component" version="1.6.0" method="upgrade">
    <name>com_collector1</name>
    <creationDate>2012-06-14</creationDate>
    <copyright>Copyright (C) webapps 2012. All rights reserved.</copyright>
    <license>GNU General Public License version 2 or later; see LICENSE.txt</license>
    <author>srgg</author>
    <authorEmail>srgg67@gmail.com</authorEmail>
    <authorUrl>http://www.facebook.com/srgg67</authorUrl>
    <version>2.1.0</version>
    <description>Конструктор опций для сайта</description>

    <install> <!-- Runs on install -->
        <sql>
            <file driver="mysql" charset="utf8">sql/install.mysql.utf8.sql</file>
        </sql>
    </install>
    <uninstall> <!-- Runs on uninstall -->
        <sql>
            <file driver="mysql" charset="utf8">sql/uninstall.mysql.utf8.sql</file>
        </sql>
    </uninstall>

    <files folder="site">
        <filename>index.html</filename>
        <filename>collector1.php</filename>
        <filename>controller.php</filename>
        <filename>router.php</filename>
        <folder>views</folder>
        <folder>models</folder>
        <folder>controllers</folder>
        <folder>helpers</folder>
    </files>
    <languages folder="site">
        <language tag="en-GB">language/en-GB.com_collector1.ini
        </language>
    </languages>
    <administration>
        <menu img="components/com_collector1/assets/images/s_com_collector1.png" >COM_COLLECTOR1</menu>
        <submenu>
            			<menu link="option=com_collector1&amp;view=_customers" view="_customers" img="components/com_collector1/assets/images/s__customers.png" alt="Collector1/_customers">COM_COLLECTOR1__CUSTOMERS</menu>
			<menu link="option=com_collector1&amp;view=_customers_paid" view="_customers_paid" img="components/com_collector1/assets/images/s__customers_paid.png" alt="Collector1/_customers_paid">COM_COLLECTOR1__CUSTOMERS_PAID</menu>
			<menu link="option=com_collector1&amp;view=_customer_site_options" view="_customer_site_options" img="components/com_collector1/assets/images/s__customer_site_options.png" alt="Collector1/_customer_site_options">COM_COLLECTOR1__CUSTOMER_SITE_OPTIONS</menu>
			<menu link="option=com_collector1&amp;view=_engines_all" view="_engines_all" img="components/com_collector1/assets/images/s__engines_all.png" alt="Collector1/_engines_all">COM_COLLECTOR1__ENGINES_ALL</menu>
			<menu link="option=com_collector1&amp;view=_engines_ru" view="_engines_ru" img="components/com_collector1/assets/images/s__engines_ru.png" alt="Collector1/_engines_ru">COM_COLLECTOR1__ENGINES_RU</menu>
			<menu link="option=com_collector1&amp;view=_site_options" view="_site_options" img="components/com_collector1/assets/images/s__site_options.png" alt="Collector1/_site_options">COM_COLLECTOR1__SITE_OPTIONS</menu>
			<menu link="option=com_collector1&amp;view=_site_options_types" view="_site_options_types" img="components/com_collector1/assets/images/s__site_options_types.png" alt="Collector1/_site_options_types">COM_COLLECTOR1__SITE_OPTIONS_TYPES</menu>
			<menu link="option=com_collector1&amp;view=_site_types" view="_site_types" img="components/com_collector1/assets/images/s__site_types.png" alt="Collector1/_site_types">COM_COLLECTOR1__SITE_TYPES</menu>
			<menu link="option=com_collector1&amp;view=_options_beyond_sides" view="_options_beyond_sides" img="components/com_collector1/assets/images/s__options_beyond_sides.png" alt="Collector1/_options_beyond_sides">COM_COLLECTOR1__OPTIONS_BEYOND_SIDES</menu>
			<menu link="option=com_collector1&amp;view=_site_options_partial" view="_site_options_partial" img="components/com_collector1/assets/images/s__site_options_partial.png" alt="Collector1/_site_options_partial">COM_COLLECTOR1__SITE_OPTIONS_PARTIAL</menu>
			<menu link="option=com_collector1&amp;view=_precustomers" view="_precustomers" img="components/com_collector1/assets/images/s__precustomers.png" alt="Collector1/_precustomers">COM_COLLECTOR1__PRECUSTOMERS</menu>
			<menu link="option=com_collector1&amp;view=_files_names" view="_files_names" img="components/com_collector1/assets/images/s__files_names.png" alt="Collector1/_files_names">COM_COLLECTOR1__FILES_NAMES</menu>
			<menu link="option=com_collector1&amp;view=_customer_orders" view="_customer_orders" img="components/com_collector1/assets/images/s__customer_orders.png" alt="Collector1/_customer_orders">COM_COLLECTOR1__CUSTOMER_ORDERS</menu>
			<menu link="option=com_collector1&amp;view=_virtual_orderss" view="_virtual_orderss" img="components/com_collector1/assets/images/s__virtual_orderss.png" alt="Collector1/_virtual_orderss">COM_COLLECTOR1__VIRTUAL_ORDERSS</menu>

        </submenu>
        <files folder="administrator">
            <filename>access.xml</filename>
            <filename>config.xml</filename>
            <filename>controller.php</filename>
            <filename>index.html</filename>
            <filename>collector1.php</filename>
            <folder>controllers</folder>
            <folder>assets</folder>
            <folder>helpers</folder>
            <folder>models</folder>
            <folder>sql</folder>
            <folder>tables</folder>
            <folder>views</folder>
        </files>
        <languages folder="administrator">
            <language tag="en-GB">language/en-GB.com_collector1.ini
            </language>
            <language tag="en-GB">language/en-GB.com_collector1.sys.ini
            </language>
        </languages>
    </administration>
</extension>
<!-- Component built by the Joomla Component Creator -->
<!-- http://www.notwebdesign.com/joomla-component-creator/ -->
