<?xml version="1.0" encoding="utf-8"?>
<extension
	type="module"
	version="2.5"
	client="site"
	method="upgrade">
	<name>mod_left3</name>
	<author>Joomla! Project</author>
	<creationDate>July 2012</creationDate>
	<copyright>Copyright (C) srgg6701</copyright>
	<license></license>
	<authorEmail>srgg67@gmail.com</authorEmail>
	<authorUrl>www.facebook.com/srgg67</authorUrl>
	<version>2.5.0</version>
	<description>MOD_left3_XML_DESCRIPTION</description>
	<files>
		<filename module="mod_left3">mod_left3.php</filename>
		<folder>tmpl</folder>
		<filename>helper.php</filename>
		<filename>index.html</filename>
		<filename>mod_left3.xml</filename>
	</files>
	<config>
		<fields name="params">
			<fieldset name="basic">
				<!--<field
					name="pretext"
					type="textarea"
					filter="safehtml"
					cols="30"
					rows="5"
					label="MOD_LOGIN_FIELD_PRE_TEXT_LABEL"
					description="MOD_LOGIN_FIELD_PRE_TEXT_DESC" />-->
				<field
					name="to_friend"
					type="textarea"
					filter="safehtml"
					cols="30"
					rows="5"
					label="MOD_LEFT3_TO_FRIEND_LABEL"
					description="MOD_LEFT3_TO_FRIEND_DESC" />
				<field
					name="to_admin"
					type="textarea"
					filter="safehtml"
					cols="30"
					rows="5"
					label="MOD_LEFT3_TO_ADMIN_LABEL"
					description="MOD_LEFT3_TO_ADMIN_DESC" />
			</fieldset>
			<fieldset
				name="advanced">
				<field
					name="moduleclass_sfx"
					type="text"
					label="COM_MODULES_FIELD_MODULECLASS_SFX_LABEL"
					description="COM_MODULES_FIELD_MODULECLASS_SFX_DESC" />
				<field
					name="simple_text"
					type="textarea"
					label="Simple custom text"
					description="custom simple text" />
			</fieldset>
		</fields>
	</config>
</extension>